Name,substituent,sigma-p+,reaA_Angle,reaA_Dihedral,reaA_Bond_Length,reaC_Angle,reaC_Dihedral,reaC_Bond_Length,predicted_reaC_bond,predicted_reaC_angle,predicted_reaC_dihedral,bond_residual,angle_residual,dihedral_residual
6ap,-Et,-0.295,111.0667,81.45379,1.7806,109.96119,43.38081,1.84509,1.8512609843246002,109.92131367551511,43.38226856916069,-0.006170984324600282,0.039876324484893644,-0.0014585691606967544
6aq,-OEt,-0.78,111.61859,78.83031,1.76196,109.40093,43.73403,1.85098,1.8582606485663602,109.33341548755286,43.63596961922441,-0.007280648566360126,0.06751451244714701,0.09806038077558554
6at,-COMe,0.5,110.02531,85.10098,1.84518,111.01863,43.04451,1.84322,1.84029226366538,110.88424343328703,42.97454238628878,0.002927736334620068,0.13438656671297622,0.06996761371122062
6au,-Cl,0.11,110.74045,83.76585,1.80297,110.57045,43.19458,1.8426,1.8455168873812702,110.41296582237598,43.16890422200935,-0.0029168873812701612,0.15748417762401345,0.02567577799064935
