Name,substituent,sigma-p+,reaA_Angle,reaA_Dihedral,reaA_Bond_Length,reaC_Angle,reaC_Dihedral,reaC_Bond_Length,predicted_reaC_bond,predicted_reaC_angle,predicted_reaC_dihedral,bond_residual,angle_residual,dihedral_residual
6ap,-Et,-0.295,111.0667,81.45379,1.7806,109.96119,43.38081,1.84509,1.85117788,109.92136168,43.378459125,-0.0060878800000001565,0.03982831999999803,0.002350874999997643
6aq,-OEt,-0.78,111.61859,78.83031,1.76196,109.40093,43.73403,1.85098,1.858177008,109.333466386,43.632267125,-0.007197007999999894,0.06746361400000467,0.10176287499999859
6at,-COMe,0.5,110.02531,85.10098,1.84518,111.01863,43.04451,1.84322,1.840208664,110.884286674,42.97058775,0.003011336000000142,0.13434332600000687,0.07392225000000252
6au,-Cl,0.11,110.74045,83.76585,1.80297,110.57045,43.19458,1.8426,1.845433956,110.41301143,43.164999875,-0.0028339559999999153,0.1574385699999965,0.02958012500000251
