target,n_test,mae,rmse,r2,mean_residual,unit
Bond length,4,0.004782545000000027,0.005146811104006459,-1.4189334427900686,-0.003276876999999956,angstrom
Angle,4,0.09976845750000152,0.11064884415613181,0.9672908472529893,0.09976845750000152,degree
Dihedral,4,0.051904031250000315,0.06461557896825192,0.9370680976419986,0.051904031250000315,degree
