target,n_test,mae,rmse,r2,mean_residual,unit
Bond length,4,0.004824064151712659,0.005200210647689471,-1.4693879964128933,-0.0033601959844026252,angstrom
Angle,4,0.09981539531725758,0.11069027301463025,0.9672663489121675,0.09981539531725758,degree
Dihedral,4,0.04879058540953807,0.06158871293856745,0.9428259921513737,0.04806130082918969,degree
