target,n_test,mae,rmse,r2,mean_residual,unit
Bond length,3,0.013786302666666472,0.017566690185343993,0.8053265587354321,-0.013786302666666472,angstrom
Angle,3,0.27540725399999627,0.4005559167949906,0.8507824715599449,0.22680279399999867,degree
