target,n_test,mae,rmse,r2,mean_residual,unit
Bond length,3,0.013882491790457863,0.017636135597064038,0.8037843331437516,-0.013882491790457863,angstrom
Angle,3,0.2745682519202622,0.39913859279211783,0.8518365836541034,0.2242876135229229,degree
