substituent,sigma-p+,reaA_Angle,reaA_Dihedral,reaA_Bond_Length,reaB_Angle,reaB_Dihedral,reaB_Bond_Length,predicted_reaB_bond,predicted_reaB_angle,bond_residual,angle_residual
p-Et,-0.295,111.0667,81.45379,1.7806,100.40301,166.37391,2.18593,2.19072212901446,100.478430957596,-0.004792129014460134,-0.07542095759600898
p-OEt,-0.78,111.61859,78.83031,1.76196,102.20096,167.98518,2.12121,2.1503842321244364,101.51675181233921,-0.029174232124436372,0.6842081876607864
p-Cl,0.11,110.74045,83.76585,1.80297,99.74824,158.17032,2.21675,2.2244311142324773,99.684164389496,-0.007681114232477082,0.06407561050399124
