substituent,sigma-p+,reaA_Angle,reaA_Dihedral,reaA_Bond_Length,reaB_Angle,reaB_Dihedral,reaB_Bond_Length,predicted_reaB_bond,predicted_reaB_angle,bond_residual,angle_residual
p-Et,-0.295,111.0667,81.45379,1.7806,100.40301,166.37391,2.18593,2.1906251599999997,100.47591668999999,-0.0046951599999998095,-0.07290668999999639
p-OEt,-0.78,111.61859,78.83031,1.76196,102.20096,167.98518,2.12121,2.150303056,101.514239613,-0.029093055999999784,0.686720386999994
p-Cl,0.11,110.74045,83.76585,1.80297,99.74824,158.17032,2.21675,2.224320692,99.681645315,-0.0075706919999998235,0.06659468499999832
