method,loocv_q2_angle,loocv_q2_bond,loocv_q2_dihedral,mean_loocv_q2_all_targets
Ridge (alpha=0.1),0.8414133631813944,0.7832637265418131,0.911555739732893,0.8454109431520335
Lasso (alpha=0.01),0.8521496554096165,-0.010788824611055903,0.8537428604416576,0.5650345637467394
Bayesian Ridge,0.8410844897027436,0.8667318387363891,0.8396184548373018,0.8491449277588116
Ridge (alpha=1.0),0.8385913558659348,0.7656253905931509,0.8375919450137423,0.8139362304909428
"Elastic Net (alpha=0.1, l1_ratio=0.3)",0.8326318027786642,-0.14795918367346084,0.7482300290525906,0.477634216052598
"Elastic Net (alpha=0.1, l1_ratio=0.8)",0.8499825156906602,-0.14795918367346084,0.728014185408949,0.4766791724753828
Lasso (alpha=0.1),0.8559600118365112,-0.14795918367346084,0.7133038585104292,0.4737682288911598
