descriptor,target,n,alpha,train_r2,loocv_q2,train_mae,train_rmse,loocv_mae,loocv_rmse,coef_reference_geometry,coef_descriptor,intercept
σp+,angle,15,0.1,0.907447667878808,0.84086754971306,0.21763386907301197,0.3472883162003604,0.28482339686171654,0.45538200440849597,0.005399853308896809,1.2183057999331486,109.68097334650692
σp,angle,15,0.1,0.8206759011879355,0.7257833366833124,0.3794057133585331,0.48341020892791214,0.4636934946827514,0.5977827937104423,0.0525663199394206,2.139471583612032,104.10133011309183
σp-,angle,14,0.1,0.7259496440570261,0.5570945363669764,0.42927097065952224,0.5523438932843088,0.5412762998725051,0.7021823201829472,-1.9048004831915075,-1.1315569264326992,321.28529794992005
σp+,bond,15,0.1,0.8591794962608428,0.7994193714739986,0.004531264887252151,0.005281091256010477,0.005327122275980193,0.006302824568340813,0.014840390560139794,-0.015002658177553103,1.8204103915025782
σp,bond,15,0.1,0.6492187774987961,0.4998573369428194,0.00716551399579363,0.008335063137943376,0.008435784701528807,0.009952625815627232,0.012364610726876793,-0.02338746114144006,1.8292838161940759
σp-,bond,14,0.1,0.22861646990581697,-0.05050212588716163,0.00853439068002523,0.010766735713896233,0.009975667281920326,0.01256456159152674,-0.004685939024899952,-0.010605700978636435,1.8606824213149404
σp+,dihedral,15,0.1,0.9344433925965068,0.9106176769087528,0.07711616990440197,0.11924925866584585,0.09779945991652994,0.13924296793950816,-0.01245388929734826,-0.4557289056201679,44.2622447450809
σp,dihedral,15,0.1,0.8207629315870777,0.6490004124360822,0.14538796355848263,0.19717932184852038,0.19104593129489633,0.2759311657184,-0.04725479768913445,-0.5078213843508056,47.24115311077672
σp-,dihedral,14,0.1,0.7168565415507431,0.5924569205319792,0.1589311120775605,0.22977715193707346,0.1991572094977348,0.27567052748403365,-0.08925112589843522,-0.15644341822850985,50.70244158812976
