Name,substituent,sigma-p+,reaA_Angle,reaA_Dihedral,reaA_Bond_Length,reaC_Angle,reaC_Dihedral,reaC_Bond_Length
6ap,4-Et,-0.295,111.0667,81.45379,1.7806,109.96119,43.38081,1.84509
6aq,4-OEt,-0.78,111.61859,78.83031,1.76196,109.40093,43.73403,1.85098
6at,4-COMe,0.5,110.02531,85.10098,1.84518,111.01863,43.04451,1.84322
6au,4-Cl,0.11,110.74045,83.76585,1.80297,110.57045,43.19458,1.8426
