substituent,sigma-p+,reaA_Angle,reaA_Dihedral,reaA_Bond_Length,reaB_Angle,reaB_Dihedral,reaB_Bond_Length
p-Et,-0.295,111.0667,81.45379,1.7806,100.40301,166.37391,2.18593
p-OEt,-0.78,111.61859,78.83031,1.76196,102.20096,167.98518,2.12121
p-Cl,0.11,110.74045,83.76585,1.80297,99.74824,158.17032,2.21675
