descriptor,target,n,alpha,train_r2,loocv_q2,train_mae,train_rmse,loocv_mae,loocv_rmse,coef_reference_geometry,coef_descriptor,intercept
σp+,angle,11,0.1,0.9308384121642423,0.8784781726200487,0.3090991811206552,0.3733192063852999,0.42252411701836157,0.4948516264467852,0.5397737290058526,-1.5248870109225503,40.077445361743415
σp,angle,11,0.1,0.8470397334587598,0.7122806864589077,0.4753020206990509,0.5551842946626249,0.6387086123133578,0.761434172987969,1.1060603534835147,-2.510285936759374,-22.54992791975458
σp-,angle,10,0.1,0.6767586827975545,0.2859230525434896,0.5978276885493813,0.7663407062054112,0.874832210641084,1.139018996897696,2.4387235548355317,-0.4692352576269971,-170.2867494349263
σp+,bond,11,0.1,0.9562175743006733,0.9368514318914315,0.010411789410462198,0.013480176503430967,0.012554896484103654,0.016189275836188337,0.003951266104266479,0.08197401406183008,2.209349193105867
σp,bond,11,0.1,0.8798824941536291,0.8297532576381169,0.01854632048413157,0.02232794850843747,0.02224159395725782,0.026581842123813666,0.010815766269993015,0.17074313170319447,2.1856191935135545
σp-,bond,10,0.1,0.48837110593739486,0.2709287038046583,0.033816555243273205,0.04377271077126091,0.040900879509428514,0.052252961679234614,0.04293055302281786,0.18088235905412142,2.1144835633701837
σp,dihedral,11,0.1,0.24839190310085846,-0.4862600552464993,1.92465233532052,2.6046529868647053,2.635044095956873,3.6627016926102494,-0.08244893011398917,-3.5970641947781195,171.3206899692686
σp+,dihedral,11,0.1,0.18837380393305148,-0.7651445964524473,1.9949970238175572,2.706650460483847,3.0401131706937448,3.991574964279494,-0.32186081910197384,-0.3755877955775584,191.20989613739226
σp-,dihedral,10,0.1,0.57767001387777,-1.1562216429128105,1.6580475928226974,2.042621622588987,3.2250641119235213,4.615392779550273,-0.27787195484570054,-8.603441733032806,186.84050787695628
