method,loocv_q2_angle,loocv_q2_bond,loocv_q2_dihedral,mean_loocv_q2_all,mean_loocv_q2_bond_angle
Ridge (alpha=0.1),0.8784781726200487,0.9368514318914315,-0.7651445964524473,0.350061669353011,0.9076648022557401
Bayesian Ridge,0.8778658286185169,0.9363087330868997,-0.30162150417611877,0.5041843525097659,0.9070872808527083
Ridge (alpha=1.0),0.8839200918842903,0.9091419581376965,-0.5572681602151093,0.41193129660229255,0.8965310250109935
Lasso (alpha=0.01),0.8707307688165151,0.8750113461712309,-0.8365166472997312,0.3030751558960049,0.872871057493873
"Elastic Net (alpha=0.1, l1_ratio=0.3)",0.8843642897023847,0.2980227288471158,-0.5433838625597831,0.21300105199657246,0.5911935092747502
Lasso (alpha=0.1),0.8836613118666932,-0.21000000000000218,-0.49408229920294544,0.05985967088791518,0.3368306559333455
"Elastic Net (alpha=0.1, l1_ratio=0.8)",0.8778783888968499,-0.21000000000000218,-0.5017315912417795,0.05538226588502274,0.33393919444842385
